characters
Harry|HARRY
Ron|Ronald|RON|RONALD
Hermione|Granger|HERMIONE|GRANGER
Voldemort|Dark Lord|Lord|LORD|YOU-KNOW-WHO
Malfoy|Draco|DRACO|MALFOY
Dursleys|Dudely|Petunia|Vernon|DURSLEYS|DUDELY|PETUNIA|VERNON
